{
  "policyMetadata": {
    "author": "DLF\\kons-mvh-admin",
    "timeCreated": "2022-04-08 12:08:50Z",
    "azureADConnectVersion": "2.1.1.0",
    "policySchemaVersion": "1.0.0.0"
  },
  "deploymentMetadata": {
    "hostName": "DLF-ADC01.dlf.org",
    "serviceAccount": "NT SERVICE\\ADSync",
    "serviceAccountType": "VirtualServiceAccount",
    "databaseType": "SqlExpress"
  },
  "authenticationPolicy": [
    "PasswordHashSynchronization",
    "DesktopSingleSignOn"
  ],
  "identityMappingPolicy": {
    "azureSourceAnchorAttribute": "mS-DS-ConsistencyGuid",
    "userPrincipalNameAttribute": "userPrincipalName",
    "userMatchingPolicy": "AlwaysProvision"
  },
  "exchangeOnlineFeaturePolicy": {
    "hybridDeployment": true
  },
  "azureDirectoryPolicy": {
    "administrator": "SVC-Office365@dlf.org",
    "tenantId": "b945e2f6-c653-475e-8c0f-97412294e26c",
    "exportDeletionLimit": "500",
    "standardSynchronizationRules": [
      {
        "Name": "In from AAD - User Join",
        "uniqueIdentifier": "270f2831-ce79-410d-bfa1-88c6135c29ea",
        "immutableTag": "Microsoft.InfromAADUserJoin.005",
        "precedence": 119
      },
      {
        "Name": "In from AAD - Contact Join",
        "uniqueIdentifier": "7399eaea-25ed-4bd0-be05-c6fa49298c22",
        "immutableTag": "Microsoft.InfromAADContactJoin.004",
        "precedence": 120
      },
      {
        "Name": "In from AAD - Group Join",
        "uniqueIdentifier": "7bab247f-ca23-4529-a34a-ab56e654d015",
        "immutableTag": "Microsoft.InfromAADGroupJoin.004",
        "precedence": 121
      },
      {
        "Name": "In from AAD - User NGCKey",
        "uniqueIdentifier": "2fd73823-9b46-4e4e-b897-2c8e268079c5",
        "immutableTag": "Microsoft.InfromAADUserNGCKey.001",
        "precedence": 122
      },
      {
        "Name": "Out to AAD - User Join",
        "uniqueIdentifier": "18d33cc0-0029-437e-87d9-097399d13f5a",
        "immutableTag": "Microsoft.OuttoAADUserJoin.009",
        "precedence": 123
      },
      {
        "Name": "Out to AAD - User Identity",
        "uniqueIdentifier": "2f4fd230-2159-4700-872d-4ee1c58391d8",
        "immutableTag": "Microsoft.OuttoAADUserIdentity.006",
        "precedence": 124
      },
      {
        "Name": "Out to AAD - User ExchangeOnline",
        "uniqueIdentifier": "401e866a-8a1c-4da8-a2d3-ab5d74227937",
        "immutableTag": "Microsoft.OuttoAADUserExchangeOnline.008",
        "precedence": 125
      },
      {
        "Name": "Out to AAD - User DynamicsCRM",
        "uniqueIdentifier": "51650791-e62e-401c-96ae-25247b6a000b",
        "immutableTag": "Microsoft.OuttoAADUserDynamicsCRM.004",
        "precedence": 126
      },
      {
        "Name": "Out to AAD - User Intune",
        "uniqueIdentifier": "316726c2-79f5-4b46-8361-965753a132f0",
        "immutableTag": "Microsoft.OuttoAADUserIntune.004",
        "precedence": 127
      },
      {
        "Name": "Out to AAD - User LyncOnline",
        "uniqueIdentifier": "932e14e5-3f32-4f40-a18d-1aed2d05e47b",
        "immutableTag": "Microsoft.OuttoAADUserLyncOnline.004",
        "precedence": 128
      },
      {
        "Name": "Out to AAD - User SharePointOnline",
        "uniqueIdentifier": "d12ba4f6-afa3-4010-b627-6eb9b698de9f",
        "immutableTag": "Microsoft.OuttoAADUserSharePointOnline.004",
        "precedence": 129
      },
      {
        "Name": "Out to AAD - User AzureRMS",
        "uniqueIdentifier": "58503867-dc6e-4111-a5b2-011f42e30328",
        "immutableTag": "Microsoft.OuttoAADUserAzureRMS.004",
        "precedence": 130
      },
      {
        "Name": "Out to AAD - Contact Join",
        "uniqueIdentifier": "7bfa2439-9b1c-48e1-8030-cff0b08b0b6c",
        "immutableTag": "Microsoft.OuttoAADContactJoin.003",
        "precedence": 131
      },
      {
        "Name": "Out to AAD - Contact Identity",
        "uniqueIdentifier": "c964235b-7d19-4737-9170-89386657926d",
        "immutableTag": "Microsoft.OuttoAADContactIdentity.003",
        "precedence": 132
      },
      {
        "Name": "Out to AAD - Contact ExchangeOnline",
        "uniqueIdentifier": "8c4119cb-d3a4-4643-b300-be123374817d",
        "immutableTag": "Microsoft.OuttoAADContactExchangeOnline.006",
        "precedence": 133
      },
      {
        "Name": "Out to AAD - Contact DynamicsCRM",
        "uniqueIdentifier": "a06d298a-0a48-463f-b53f-939e6d9c7de3",
        "immutableTag": "Microsoft.OuttoAADContactDynamicsCRM.004",
        "precedence": 134
      },
      {
        "Name": "Out to AAD - Contact Intune",
        "uniqueIdentifier": "e89bde28-db13-4b25-9486-a8381c568d2f",
        "immutableTag": "Microsoft.OuttoAADContactIntune.003",
        "precedence": 135
      },
      {
        "Name": "Out to AAD - Contact LyncOnline",
        "uniqueIdentifier": "b2867081-b00e-4ed4-83d9-41adc842a1fd",
        "immutableTag": "Microsoft.OuttoAADContactLyncOnline.006",
        "precedence": 136
      },
      {
        "Name": "Out to AAD - Contact SharePointOnline",
        "uniqueIdentifier": "7ba44509-b423-4879-a2bd-80890176b156",
        "immutableTag": "Microsoft.OuttoAADContactSharePointOnline.003",
        "precedence": 137
      },
      {
        "Name": "Out to AAD - Contact AzureRMS",
        "uniqueIdentifier": "4e37d213-fa6f-4bd7-8d3b-8283281c8a50",
        "immutableTag": "Microsoft.OuttoAADContactAzureRMS.003",
        "precedence": 138
      },
      {
        "Name": "Out to AAD - Group Join",
        "uniqueIdentifier": "10707289-3d9b-4f6d-8cdf-086f661697af",
        "immutableTag": "Microsoft.OuttoAADGroupJoin.009",
        "precedence": 139
      },
      {
        "Name": "Out to AAD - Group Writeup Member Limit",
        "uniqueIdentifier": "47f78473-2e1c-489d-b682-36c0967a60fe",
        "immutableTag": "Microsoft.OuttoAADGroupWriteupMemberLimit.003",
        "precedence": 140
      },
      {
        "Name": "Out to AAD - Group Identity",
        "uniqueIdentifier": "9360781b-b0cf-4afa-90f2-f16c8247ef26",
        "immutableTag": "Microsoft.OuttoAADGroupIdentity.005",
        "precedence": 141
      },
      {
        "Name": "Out to AAD - Group ExchangeOnline",
        "uniqueIdentifier": "1eab22a8-8d6f-4309-b9ba-f21ee7ab3886",
        "immutableTag": "Microsoft.OuttoAADGroupExchangeOnline.006",
        "precedence": 142
      },
      {
        "Name": "Out to AAD - Group DynamicsCRM",
        "uniqueIdentifier": "d01ba4b9-f29a-4340-beb3-e5c7a831c4d5",
        "immutableTag": "Microsoft.OuttoAADGroupDynamicsCRM.004",
        "precedence": 143
      },
      {
        "Name": "Out to AAD - Group Intune",
        "uniqueIdentifier": "c34864d3-6b9f-406a-b371-b57072cc1109",
        "immutableTag": "Microsoft.OuttoAADGroupIntune.004",
        "precedence": 144
      },
      {
        "Name": "Out to AAD - Group LyncOnline",
        "uniqueIdentifier": "35da218a-2dc6-4296-8700-269f548e953c",
        "immutableTag": "Microsoft.OuttoAADGroupLyncOnline.004",
        "precedence": 145
      },
      {
        "Name": "Out to AAD - Group SharePointOnline",
        "uniqueIdentifier": "c066d5bd-41e9-47b2-b0c4-1ab627b6f6cd",
        "immutableTag": "Microsoft.OuttoAADGroupSharePointOnline.004",
        "precedence": 146
      },
      {
        "Name": "Out to AAD - Group AzureRMS",
        "uniqueIdentifier": "9542e8ce-311e-410e-b898-b3feed957292",
        "immutableTag": "Microsoft.OuttoAADGroupAzureRMS.004",
        "precedence": 147
      },
      {
        "Name": "Out to AAD - User OfficeProPlus",
        "uniqueIdentifier": "f05379ae-817c-421a-9d87-ea09fe6c713a",
        "immutableTag": "Microsoft.OuttoAADUserOfficeProPlus.004",
        "precedence": 148
      },
      {
        "Name": "In from AAD - Contact Exchange Hybrid",
        "uniqueIdentifier": "72d0daa8-0cb7-43ba-981c-171a36450aa9",
        "immutableTag": "Microsoft.InfromAADContactExchangeHybrid.003",
        "precedence": 149
      },
      {
        "Name": "In from AAD - Group Exchange Hybrid",
        "uniqueIdentifier": "5e377f5f-c94a-439c-a77d-d7d58c03f701",
        "immutableTag": "Microsoft.InfromAADGroupExchangeHybrid.003",
        "precedence": 150
      },
      {
        "Name": "In from AAD - User Exchange Hybrid",
        "uniqueIdentifier": "91909e17-ad0e-444b-b250-f6173666b91d",
        "immutableTag": "Microsoft.InfromAADUserExchangeHybrid.004",
        "precedence": 151
      },
      {
        "Name": "In from AAD - Device Common",
        "uniqueIdentifier": "e981011c-3b1c-455a-b05c-97311ae54f04",
        "immutableTag": "Microsoft.InfromAADDeviceCommon.004",
        "precedence": 161
      },
      {
        "Name": "Out to AAD - Device Join SOAInAD",
        "uniqueIdentifier": "e736d866-2bd0-4ea6-955f-8878e1ecc8fb",
        "immutableTag": "Microsoft.OuttoAADJoinSOAInAD.008",
        "precedence": 163
      }
    ]
  },
  "onpremisesDirectoryPolicy": [
    {
      "friendlyName": "dlf.org",
      "uniqueIdentifier": "3e740281-2971-4dfb-84b4-ced6d4f5a0ff",
      "fullyQualifiedDomainName": "dlf.org",
      "onPremisesDirectoryAccount": "DLF.ORG\\MSOL_a63bf2b0cf49",
      "partitionFilters": [
        {
          "fullyQualifiedDomainName": "dlf.org",
          "distinguishedName": "DC=dlf,DC=org",
          "preferredControllers": [
            "dc6.dlf.org",
            "dc7.dlf.org",
            "dc8.dlf.org"
          ],
          "connectivityOptions": [
            "dc-failover:0"
          ],
          "containerInclusions": [
            "OU=Shared mailboks,OU=Disabled Users,DC=dlf,DC=org",
            "OU=DLF-DEV,DC=dlf,DC=org",
            "OU=DLF-Groups,DC=dlf,DC=org",
            "OU=DLF-Users,DC=dlf,DC=org",
            "OU=Exchange,DC=dlf,DC=org",
            "OU=GPO-Test,DC=dlf,DC=org",
            "OU=Service-Accounts,DC=dlf,DC=org",
            "OU=Eksterne kontaktpersoner,OU=DLF,DC=dlf,DC=org",
            "OU=Exchange Distributionslister,OU=DLF,DC=dlf,DC=org",
            "OU=Exchange Fællespostkasser,OU=DLF,DC=dlf,DC=org",
            "OU=Exchange Ressourcer,OU=DLF,DC=dlf,DC=org",
            "OU=Hovedstyrelse,OU=DLF,DC=dlf,DC=org",
            "OU=Kredse,OU=DLF,DC=dlf,DC=org",
            "OU=Sekretariat,OU=DLF,DC=dlf,DC=org",
            "OU=Sinatur,OU=DLF,DC=dlf,DC=org",
            "OU=Testbrugere,OU=DLF,DC=dlf,DC=org",
            "OU=MSO,OU=Eksterne Konsulenter,OU=DLF,DC=dlf,DC=org",
            "OU=MSO,OU=Groups_DLF,OU=DLF,DC=dlf,DC=org",
            "OU=AAD,OU=Adm-Groups,OU=DLF-Admin,DC=dlf,DC=org",
            "OU=Adm-O365,OU=DLF-Admin,DC=dlf,DC=org",
            "OU=MSO,OU=Service-Accounts,OU=DLF-Admin,DC=dlf,DC=org",
            "OU=Hybrid-Joining,OU=Sekretariatet,OU=DLF-Computers,DC=dlf,DC=org",
            "OU=AAD Sync,OU=DLF-Eksterne Konsulenter,DC=dlf,DC=org"
          ],
          "containerExclusions": [
            "DC=dlf,DC=org",
            "OU=DLFinsite testbrugere,OU=Sekretariat,OU=DLF,DC=dlf,DC=org",
            "OU=Docunote,OU=Sekretariat,OU=DLF,DC=dlf,DC=org",
            "OU=GridDeploy Groups,OU=Sekretariat,OU=DLF,DC=dlf,DC=org",
            "OU=Groups_Sek,OU=Sekretariat,OU=DLF,DC=dlf,DC=org",
            "OU=Admin-Accounts,OU=IT,OU=Sekretariat,OU=DLF,DC=dlf,DC=org",
            "OU=OU-Test,OU=IT,OU=Sekretariat,OU=DLF,DC=dlf,DC=org",
            "OU=REG PATH TEST,OU=IT,OU=Sekretariat,OU=DLF,DC=dlf,DC=org",
            "OU=Serviceaccounts,OU=Servicegruppen,OU=Sekretariat,OU=DLF,DC=dlf,DC=org"
          ]
        }
      ],
      "standardSynchronizationRules": [
        {
          "Name": "In from AD - User Join",
          "uniqueIdentifier": "4102daf0-e517-4f75-8e18-15f49cef911d",
          "immutableTag": "Microsoft.InfromADUserJoin.006",
          "precedence": 100
        },
        {
          "Name": "In from AD - InetOrgPerson Join",
          "uniqueIdentifier": "229f355a-4e37-4fb4-ab2d-38358ef2ae3f",
          "immutableTag": "Microsoft.InfromADInetOrgPersonJoin.004",
          "precedence": 101
        },
        {
          "Name": "In from AD - User AccountEnabled",
          "uniqueIdentifier": "1e020c3f-95e6-4cfa-9d78-6e015f1ab184",
          "immutableTag": "Microsoft.InfromADUserAccountEnabled.008",
          "precedence": 102
        },
        {
          "Name": "In from AD - InetOrgPerson AccountEnabled",
          "uniqueIdentifier": "cd6dded8-bea4-407c-bd2d-8cf6664f6964",
          "immutableTag": "Microsoft.InfromADInetOrgPersonAccountEnabled.006",
          "precedence": 103
        },
        {
          "Name": "In from AD - User Common from Exchange",
          "uniqueIdentifier": "32c5fb10-3f3c-4259-b9dd-d59406bb63e8",
          "immutableTag": "Microsoft.InfromADUserCommonfromExchange.006",
          "precedence": 104
        },
        {
          "Name": "In from AD - InetOrgPerson Common from Exchange",
          "uniqueIdentifier": "b6435d03-814a-4df0-853d-06cc1cb1b06f",
          "immutableTag": "Microsoft.InfromADInetOrgPersonCommonfromExchange.006",
          "precedence": 105
        },
        {
          "Name": "In from AD - User Common",
          "uniqueIdentifier": "7170eaea-c5d2-4364-be58-88b047b983d8",
          "immutableTag": "Microsoft.InfromADUserCommon.009",
          "precedence": 106
        },
        {
          "Name": "In from AD - InetOrgPerson Common",
          "uniqueIdentifier": "b498365e-1550-44ba-b08d-544d393cfd72",
          "immutableTag": "Microsoft.InfromADInetOrgPersonCommon.008",
          "precedence": 107
        },
        {
          "Name": "In from AD - User Exchange",
          "uniqueIdentifier": "ee31aa13-dc82-4664-b0d0-3f64195f8fd3",
          "immutableTag": "Microsoft.InfromADUserExchange.004",
          "precedence": 108
        },
        {
          "Name": "In from AD - InetOrgPerson Exchange",
          "uniqueIdentifier": "1775f444-7433-4cd3-9144-4688447f06f2",
          "immutableTag": "Microsoft.InfromADInetOrgPersonExchange.003",
          "precedence": 109
        },
        {
          "Name": "In from AD - User Lync",
          "uniqueIdentifier": "ec28cef3-3320-4f61-930f-cf6e33e7d645",
          "immutableTag": "Microsoft.InfromADUserLync.004",
          "precedence": 110
        },
        {
          "Name": "In from AD - InetOrgPerson Lync",
          "uniqueIdentifier": "3318b0a1-f6f3-4415-97a7-e3089ed5c045",
          "immutableTag": "Microsoft.InfromADInetOrgPersonLync.003",
          "precedence": 111
        },
        {
          "Name": "In from AD - Group Join",
          "uniqueIdentifier": "b7e66bfb-0ef6-4870-b33b-623730beba53",
          "immutableTag": "Microsoft.InfromADGroupJoin.006",
          "precedence": 112
        },
        {
          "Name": "In from AD - Group Exchange",
          "uniqueIdentifier": "28448e63-f722-4a8f-802b-8f94f4a124cc",
          "immutableTag": "Microsoft.InfromADGroupExchange.004",
          "precedence": 113
        },
        {
          "Name": "In from AD - Group Common",
          "uniqueIdentifier": "9164745a-d6a6-40bc-8145-a1077735c011",
          "immutableTag": "Microsoft.InfromADGroupCommon.008",
          "precedence": 114
        },
        {
          "Name": "In from AD - Contact Join",
          "uniqueIdentifier": "9bf8a8c7-8fa7-4816-b858-fc2dd3b674b1",
          "immutableTag": "Microsoft.InfromADContactJoin.004",
          "precedence": 115
        },
        {
          "Name": "In from AD - Contact Common",
          "uniqueIdentifier": "7625513d-4422-47de-83a8-acd504c0fee3",
          "immutableTag": "Microsoft.InfromADContactCommon.006",
          "precedence": 116
        },
        {
          "Name": "In from AD - Contact Lync",
          "uniqueIdentifier": "81556bca-d7a3-4f8c-8640-222c8ec09f4c",
          "immutableTag": "Microsoft.InfromADContactLync.003",
          "precedence": 117
        },
        {
          "Name": "In from AD - ForeignSecurityPrincipal Join User",
          "uniqueIdentifier": "6891c3d7-c3df-4f9f-8f0a-9ce8e26d93cf",
          "immutableTag": "Microsoft.InfromADForeignSecurityPrincipalJoinUser.001",
          "precedence": 118
        },
        {
          "Name": "Out to AD - Contact Join",
          "uniqueIdentifier": "358d215d-8a71-4976-b830-0374304903ea",
          "immutableTag": "Microsoft.OuttoADContactJoin.003",
          "precedence": 152
        },
        {
          "Name": "Out to AD - Group Join",
          "uniqueIdentifier": "825f07eb-e413-45d1-89fe-397014b06874",
          "immutableTag": "Microsoft.OuttoADGroupJoin.005",
          "precedence": 153
        },
        {
          "Name": "Out to AD - InetOrgPerson Join",
          "uniqueIdentifier": "1f0ac6fb-9f98-4821-bf65-cc1fa085440b",
          "immutableTag": "Microsoft.OuttoADInetOrgPersonJoin.003",
          "precedence": 154
        },
        {
          "Name": "Out to AD - User Join SOAInAD",
          "uniqueIdentifier": "601ad54d-b4ec-4aae-8113-b4c4e43f68c8",
          "immutableTag": "Microsoft.OuttoADUserJoinSOAInAD.004",
          "precedence": 155
        },
        {
          "Name": "Out to AD - Contact Exchange Hybrid",
          "uniqueIdentifier": "c7860bb5-78e5-416e-999d-437a5ed8b5f2",
          "immutableTag": "Microsoft.OuttoADContactExchangeHybrid.003",
          "precedence": 156
        },
        {
          "Name": "Out to AD - Group Exchange Hybrid",
          "uniqueIdentifier": "ed801976-7bf7-4033-8ff7-deed15ae0fe6",
          "immutableTag": "Microsoft.OuttoADGroupExchangeHybrid.004",
          "precedence": 157
        },
        {
          "Name": "Out to AD - InetOrgPerson Exchange Hybrid",
          "uniqueIdentifier": "02e80c8b-1458-4624-95f0-da4e2919fb9d",
          "immutableTag": "Microsoft.OuttoADInetOrgPersonExchangeHybrid.004",
          "precedence": 158
        },
        {
          "Name": "Out to AD - User Exchange Hybrid",
          "uniqueIdentifier": "c30e3e01-2afd-44ad-8eb0-92980e170b47",
          "immutableTag": "Microsoft.OuttoADUserExchangeHybrid.004",
          "precedence": 159
        },
        {
          "Name": "Out to AD - User Exchange Hybrid publicDelegates writeback",
          "uniqueIdentifier": "eb5b24ae-6d60-49c0-beaa-d3ba8c9f37ad",
          "immutableTag": "Microsoft.OuttoADUserExchangeHybridpublicDelegatesWriteback.001",
          "precedence": 160
        },
        {
          "Name": "In from AD - Computer Join",
          "uniqueIdentifier": "64b1b4c1-9f25-43d9-bca0-296f1679cdbd",
          "immutableTag": "Microsoft.InfromADComputerJoin.006",
          "precedence": 162
        },
        {
          "Name": "In from AD - Device Common",
          "uniqueIdentifier": "cbf4dcd1-0a47-4153-a103-f418f14c2166",
          "immutableTag": "Microsoft.InfromADDeviceCommon.002",
          "precedence": 164
        },
        {
          "Name": "Out to AD - User NGCKey",
          "uniqueIdentifier": "eb931d9c-4ff9-40f6-97c0-b87c4ff02698",
          "immutableTag": "Microsoft.OuttoADUserNGCKey.001",
          "precedence": 165
        },
        {
          "Name": "Out to AD - Device STKKey",
          "uniqueIdentifier": "74973f0b-dfbd-45a4-aac1-aaa09b8a78b4",
          "immutableTag": "Microsoft.OuttoADDeviceSTKKey.001",
          "precedence": 166
        },
        {
          "Name": "Out to AD - User ImmutableId",
          "uniqueIdentifier": "953fa45f-c8fa-4482-b397-ac0cf401516e",
          "immutableTag": "Microsoft.OuttoADUserImmutableId.003",
          "precedence": 167
        }
      ]
    }
  ]
}