<synchronizationRule>
  <id>{6891c3d7-c3df-4f9f-8f0a-9ce8e26d93cf}</id>
  <internal-id>{6891c3d7-c3df-4f9f-8f0a-9ce8e26d93cf}</internal-id>
  <version>1</version>
  <name>In from AD - ForeignSecurityPrincipal Join User</name>
  <description />
  <immutable-tag>Microsoft.InfromADForeignSecurityPrincipalJoinUser.001</immutable-tag>
  <direction>Inbound</direction>
  <disabled>False</disabled>
  <connector>{3e740281-2971-4dfb-84b4-ced6d4f5a0ff}</connector>
  <sourceObjectType>foreignSecurityPrincipal</sourceObjectType>
  <targetObjectType>*</targetObjectType>
  <linkType>Join</linkType>
  <precedence>118</precedence>
  <precedence-after>{00000000-0000-0000-0000-000000000000}</precedence-after>
  <precedence-before>{00000000-0000-0000-0000-000000000000}</precedence-before>
  <softDeleteExpiryInterval>00:00:00</softDeleteExpiryInterval>
  <EnablePasswordSync>false</EnablePasswordSync>
  <attribute-mappings />
  <relationshipCriteria>
    <conditions>
      <condition>
        <csAttribute>cn</csAttribute>
        <ilmAttribute>objectSidString</ilmAttribute>
      </condition>
    </conditions>
  </relationshipCriteria>
  <synchronizationCriteria />
</synchronizationRule>