<synchronizationRule>
  <id>{81556bca-d7a3-4f8c-8640-222c8ec09f4c}</id>
  <internal-id>{81556bca-d7a3-4f8c-8640-222c8ec09f4c}</internal-id>
  <version>1</version>
  <name>In from AD - Contact Lync</name>
  <description>Lync attributes for a Contact object.</description>
  <immutable-tag>Microsoft.InfromADContactLync.003</immutable-tag>
  <direction>Inbound</direction>
  <disabled>False</disabled>
  <connector>{3e740281-2971-4dfb-84b4-ced6d4f5a0ff}</connector>
  <sourceObjectType>contact</sourceObjectType>
  <targetObjectType>person</targetObjectType>
  <linkType>Join</linkType>
  <precedence>117</precedence>
  <precedence-after>{00000000-0000-0000-0000-000000000000}</precedence-after>
  <precedence-before>{00000000-0000-0000-0000-000000000000}</precedence-before>
  <softDeleteExpiryInterval>00:00:00</softDeleteExpiryInterval>
  <EnablePasswordSync>false</EnablePasswordSync>
  <attribute-mappings>
    <mapping>
      <dest>msRTCSIP-DeploymentLocator</dest>
      <src>
        <attr>msRTCSIP-DeploymentLocator</attr>
      </src>
      <valueMergeType>Update</valueMergeType>
    </mapping>
    <mapping>
      <dest>msRTCSIP-Line</dest>
      <src>
        <attr>msRTCSIP-Line</attr>
      </src>
      <valueMergeType>Update</valueMergeType>
    </mapping>
    <mapping>
      <dest>msRTCSIP-PrimaryUserAddress</dest>
      <src>
        <attr>msRTCSIP-PrimaryUserAddress</attr>
      </src>
      <valueMergeType>Update</valueMergeType>
    </mapping>
    <mapping>
      <dest>msRTCSIP-UserEnabled</dest>
      <src>
        <attr>msRTCSIP-UserEnabled</attr>
      </src>
      <valueMergeType>Update</valueMergeType>
    </mapping>
    <mapping>
      <dest>msRTCSIP-OptionFlags</dest>
      <src>
        <attr>msRTCSIP-OptionFlags</attr>
      </src>
      <valueMergeType>Update</valueMergeType>
    </mapping>
  </attribute-mappings>
  <relationshipCriteria />
  <synchronizationCriteria />
</synchronizationRule>