<synchronizationRule>
  <id>{953fa45f-c8fa-4482-b397-ac0cf401516e}</id>
  <internal-id>{953fa45f-c8fa-4482-b397-ac0cf401516e}</internal-id>
  <version>1</version>
  <name>Out to AD - User ImmutableId</name>
  <description />
  <immutable-tag>Microsoft.OuttoADUserImmutableId.003</immutable-tag>
  <direction>Outbound</direction>
  <disabled>False</disabled>
  <connector>{3e740281-2971-4dfb-84b4-ced6d4f5a0ff}</connector>
  <sourceObjectType>person</sourceObjectType>
  <targetObjectType>user</targetObjectType>
  <linkType>Join</linkType>
  <precedence>167</precedence>
  <precedence-after>{00000000-0000-0000-0000-000000000000}</precedence-after>
  <precedence-before>{00000000-0000-0000-0000-000000000000}</precedence-before>
  <softDeleteExpiryInterval>00:00:00</softDeleteExpiryInterval>
  <EnablePasswordSync>false</EnablePasswordSync>
  <attribute-mappings>
    <mapping>
      <dest>mS-DS-ConsistencyGuid</dest>
      <expression>IIF(IsPresent([cloudSourceAnchor]),IIF(IsPresent([sourceAnchorBinary]),[sourceAnchorBinary],IgnoreThisFlow),IgnoreThisFlow)</expression>
      <valueMergeType>Update</valueMergeType>
    </mapping>
  </attribute-mappings>
  <relationshipCriteria />
  <synchronizationCriteria />
</synchronizationRule>