<synchronizationRule>
  <id>{64b1b4c1-9f25-43d9-bca0-296f1679cdbd}</id>
  <internal-id>{64b1b4c1-9f25-43d9-bca0-296f1679cdbd}</internal-id>
  <version>1</version>
  <name>In from AD - Computer Join</name>
  <description />
  <immutable-tag>Microsoft.InfromADComputerJoin.006</immutable-tag>
  <direction>Inbound</direction>
  <disabled>False</disabled>
  <connector>{3e740281-2971-4dfb-84b4-ced6d4f5a0ff}</connector>
  <sourceObjectType>computer</sourceObjectType>
  <targetObjectType>device</targetObjectType>
  <linkType>Provision</linkType>
  <precedence>162</precedence>
  <precedence-after>{00000000-0000-0000-0000-000000000000}</precedence-after>
  <precedence-before>{00000000-0000-0000-0000-000000000000}</precedence-before>
  <softDeleteExpiryInterval>00:00:00</softDeleteExpiryInterval>
  <EnablePasswordSync>false</EnablePasswordSync>
  <attribute-mappings>
    <mapping>
      <dest>distinguishedName</dest>
      <src>
        <attr>dn</attr>
      </src>
      <valueMergeType>Update</valueMergeType>
    </mapping>
    <mapping>
      <dest>accountEnabled</dest>
      <expression>IIF(BitAnd([userAccountControl],2)=0,True,False)</expression>
      <valueMergeType>Update</valueMergeType>
    </mapping>
    <mapping>
      <dest>deviceId</dest>
      <src>
        <attr>objectGUID</attr>
      </src>
      <valueMergeType>Update</valueMergeType>
    </mapping>
    <mapping>
      <dest>sourceAnchor</dest>
      <expression>ConvertToBase64([objectGUID])</expression>
      <valueMergeType>Update</valueMergeType>
    </mapping>
    <mapping>
      <dest>displayName</dest>
      <expression>IIF(IsNullOrEmpty([displayName]),Word([dNSHostName],1,"."),[displayName])</expression>
      <valueMergeType>Update</valueMergeType>
    </mapping>
    <mapping>
      <dest>objectSid</dest>
      <src>
        <attr>objectSid</attr>
      </src>
      <valueMergeType>Update</valueMergeType>
    </mapping>
    <mapping>
      <dest>sourceObjectType</dest>
      <src>Computer</src>
      <valueMergeType>Update</valueMergeType>
    </mapping>
    <mapping>
      <dest>deviceOSVersion</dest>
      <src>
        <attr>operatingSystemVersion</attr>
      </src>
      <valueMergeType>Update</valueMergeType>
    </mapping>
    <mapping>
      <dest>deviceOSType</dest>
      <expression>IIF(InStr([operatingSystem],"Windows") &gt; 0,"Windows",[operatingSystem])</expression>
      <valueMergeType>Update</valueMergeType>
    </mapping>
    <mapping>
      <dest>deviceTrustType</dest>
      <src>ServerAd</src>
      <valueMergeType>Update</valueMergeType>
    </mapping>
    <mapping execute-once="true">
      <dest>cloudCreated</dest>
      <src>False</src>
      <valueMergeType>Update</valueMergeType>
    </mapping>
    <mapping>
      <dest>userCertificate</dest>
      <src>
        <attr>userCertificate</attr>
      </src>
      <valueMergeType>Update</valueMergeType>
    </mapping>
    <mapping execute-once="true">
      <dest>registeredOwnerReference</dest>
      <src>
        <attr>mS-DS-CreatorSID</attr>
      </src>
      <valueMergeType>Update</valueMergeType>
    </mapping>
    <mapping>
      <dest>cloudFiltered</dest>
      <expression>IIF(
  IsNullOrEmpty([userCertificate])
  || (
    (InStr(UCase([operatingSystem]),"WINDOWS") &gt; 0)
    &amp;&amp; (Left([operatingSystemVersion],2) = "6.")
  ),
  True,
  NULL)</expression>
      <valueMergeType>Update</valueMergeType>
    </mapping>
  </attribute-mappings>
  <relationshipCriteria>
    <conditions>
      <condition>
        <csAttribute>objectGUID</csAttribute>
        <ilmAttribute>deviceId</ilmAttribute>
      </condition>
    </conditions>
  </relationshipCriteria>
  <synchronizationCriteria />
</synchronizationRule>