<synchronizationRule>
  <id>{9164745a-d6a6-40bc-8145-a1077735c011}</id>
  <internal-id>{9164745a-d6a6-40bc-8145-a1077735c011}</internal-id>
  <version>1</version>
  <name>In from AD - Group Common</name>
  <description />
  <immutable-tag>Microsoft.InfromADGroupCommon.008</immutable-tag>
  <direction>Inbound</direction>
  <disabled>False</disabled>
  <connector>{3e740281-2971-4dfb-84b4-ced6d4f5a0ff}</connector>
  <sourceObjectType>group</sourceObjectType>
  <targetObjectType>group</targetObjectType>
  <linkType>Join</linkType>
  <precedence>114</precedence>
  <precedence-after>{00000000-0000-0000-0000-000000000000}</precedence-after>
  <precedence-before>{00000000-0000-0000-0000-000000000000}</precedence-before>
  <softDeleteExpiryInterval>00:00:00</softDeleteExpiryInterval>
  <EnablePasswordSync>false</EnablePasswordSync>
  <attribute-mappings>
    <mapping>
      <dest>distinguishedName</dest>
      <src>
        <attr>dn</attr>
      </src>
      <valueMergeType>Update</valueMergeType>
    </mapping>
    <mapping>
      <dest>cn</dest>
      <src>
        <attr>cn</attr>
      </src>
      <valueMergeType>Update</valueMergeType>
    </mapping>
    <mapping>
      <dest>description</dest>
      <expression>IIF(IsNullOrEmpty([description]),NULL,Left(Trim(Item([description],1)),448))</expression>
      <valueMergeType>Update</valueMergeType>
    </mapping>
    <mapping>
      <dest>displayName</dest>
      <expression>IIF(IsNullOrEmpty([displayName]),[cn],[displayName])</expression>
      <valueMergeType>Update</valueMergeType>
    </mapping>
    <mapping>
      <dest>info</dest>
      <expression>Left(Trim([info]),448)</expression>
      <valueMergeType>Update</valueMergeType>
    </mapping>
    <mapping>
      <dest>mail</dest>
      <expression>Trim([mail])</expression>
      <valueMergeType>Update</valueMergeType>
    </mapping>
    <mapping>
      <dest>managedBy</dest>
      <src>
        <attr>managedBy</attr>
      </src>
      <valueMergeType>Update</valueMergeType>
    </mapping>
    <mapping>
      <dest>member</dest>
      <src>
        <attr>member</attr>
      </src>
      <valueMergeType>Update</valueMergeType>
    </mapping>
    <mapping>
      <dest>memberCount</dest>
      <expression>ValueCount("member")</expression>
      <valueMergeType>Update</valueMergeType>
    </mapping>
    <mapping>
      <dest>msDS-HABSeniorityIndex</dest>
      <src>
        <attr>msDS-HABSeniorityIndex</attr>
      </src>
      <valueMergeType>Update</valueMergeType>
    </mapping>
    <mapping>
      <dest>objectSid</dest>
      <src>
        <attr>objectSid</attr>
      </src>
      <valueMergeType>Update</valueMergeType>
    </mapping>
    <mapping>
      <dest>objectSidString</dest>
      <expression>StringFromSid([objectSid])</expression>
      <valueMergeType>Update</valueMergeType>
    </mapping>
    <mapping>
      <dest>proxyAddresses</dest>
      <expression>RemoveDuplicates(Trim(ImportedValue("proxyAddresses")))</expression>
      <valueMergeType>Update</valueMergeType>
    </mapping>
    <mapping>
      <dest>securityEnabled</dest>
      <expression>CBool(BitAnd([groupType],-2147483648))</expression>
      <valueMergeType>Update</valueMergeType>
    </mapping>
    <mapping>
      <dest>accountName</dest>
      <src>
        <attr>sAMAccountName</attr>
      </src>
      <valueMergeType>Update</valueMergeType>
    </mapping>
    <mapping>
      <dest>domainNetBios</dest>
      <expression>%Domain.Netbios%</expression>
      <valueMergeType>Update</valueMergeType>
    </mapping>
    <mapping>
      <dest>domainFQDN</dest>
      <expression>%Domain.FQDN%</expression>
      <valueMergeType>Update</valueMergeType>
    </mapping>
    <mapping>
      <dest>sourceAnchorBinary</dest>
      <expression>IIF(IsPresent([mS-DS-ConsistencyGuid]),[mS-DS-ConsistencyGuid],[objectGUID])</expression>
      <valueMergeType>Update</valueMergeType>
    </mapping>
    <mapping>
      <dest>sourceAnchor</dest>
      <expression>IIF(IsPresent([mS-DS-ConsistencyGuid]),ConvertToBase64([mS-DS-ConsistencyGuid]),ConvertToBase64([objectGUID]))</expression>
      <valueMergeType>Update</valueMergeType>
    </mapping>
  </attribute-mappings>
  <relationshipCriteria />
  <synchronizationCriteria>
    <conditions>
      <scope>
        <csAttribute>isCriticalSystemObject</csAttribute>
        <csOperator>NOTEQUAL</csOperator>
        <csValue>True</csValue>
      </scope>
      <scope>
        <csAttribute>adminDescription</csAttribute>
        <csOperator>NOTSTARTSWITH</csOperator>
        <csValue>Group_</csValue>
      </scope>
    </conditions>
  </synchronizationCriteria>
</synchronizationRule>