<synchronizationRule>
  <id>{eb931d9c-4ff9-40f6-97c0-b87c4ff02698}</id>
  <internal-id>{eb931d9c-4ff9-40f6-97c0-b87c4ff02698}</internal-id>
  <version>1</version>
  <name>Out to AD - User NGCKey</name>
  <description />
  <immutable-tag>Microsoft.OuttoADUserNGCKey.001</immutable-tag>
  <direction>Outbound</direction>
  <disabled>False</disabled>
  <connector>{3e740281-2971-4dfb-84b4-ced6d4f5a0ff}</connector>
  <sourceObjectType>person</sourceObjectType>
  <targetObjectType>user</targetObjectType>
  <linkType>Join</linkType>
  <precedence>165</precedence>
  <precedence-after>{00000000-0000-0000-0000-000000000000}</precedence-after>
  <precedence-before>{00000000-0000-0000-0000-000000000000}</precedence-before>
  <softDeleteExpiryInterval>00:00:00</softDeleteExpiryInterval>
  <EnablePasswordSync>false</EnablePasswordSync>
  <attribute-mappings>
    <mapping>
      <dest>msDS-KeyCredentialLink</dest>
      <src>
        <attr>deviceKey</attr>
      </src>
      <valueMergeType>Update</valueMergeType>
    </mapping>
  </attribute-mappings>
  <relationshipCriteria />
  <synchronizationCriteria>
    <conditions>
      <scope>
        <csAttribute>sourceAnchor</csAttribute>
        <csOperator>ISNOTNULL</csOperator>
        <csValue />
      </scope>
    </conditions>
  </synchronizationCriteria>
</synchronizationRule>