<synchronizationRule>
  <id>{1f0ac6fb-9f98-4821-bf65-cc1fa085440b}</id>
  <internal-id>{1f0ac6fb-9f98-4821-bf65-cc1fa085440b}</internal-id>
  <version>1</version>
  <name>Out to AD - InetOrgPerson Join</name>
  <description />
  <immutable-tag>Microsoft.OuttoADInetOrgPersonJoin.003</immutable-tag>
  <direction>Outbound</direction>
  <disabled>False</disabled>
  <connector>{3e740281-2971-4dfb-84b4-ced6d4f5a0ff}</connector>
  <sourceObjectType>person</sourceObjectType>
  <targetObjectType>inetOrgPerson</targetObjectType>
  <linkType>Join</linkType>
  <precedence>154</precedence>
  <precedence-after>{00000000-0000-0000-0000-000000000000}</precedence-after>
  <precedence-before>{00000000-0000-0000-0000-000000000000}</precedence-before>
  <softDeleteExpiryInterval>00:00:00</softDeleteExpiryInterval>
  <EnablePasswordSync>false</EnablePasswordSync>
  <attribute-mappings />
  <relationshipCriteria>
    <conditions>
      <condition>
        <csAttribute>mS-DS-ConsistencyGuid</csAttribute>
        <ilmAttribute>sourceAnchorBinary</ilmAttribute>
      </condition>
    </conditions>
    <conditions>
      <condition>
        <csAttribute>objectGUID</csAttribute>
        <ilmAttribute>sourceAnchorBinary</ilmAttribute>
      </condition>
    </conditions>
  </relationshipCriteria>
  <synchronizationCriteria />
</synchronizationRule>