<synchronizationRule>
  <id>{cbf4dcd1-0a47-4153-a103-f418f14c2166}</id>
  <internal-id>{cbf4dcd1-0a47-4153-a103-f418f14c2166}</internal-id>
  <version>1</version>
  <name>In from AD - Device Common</name>
  <description />
  <immutable-tag>Microsoft.InfromADDeviceCommon.002</immutable-tag>
  <direction>Inbound</direction>
  <disabled>False</disabled>
  <connector>{3e740281-2971-4dfb-84b4-ced6d4f5a0ff}</connector>
  <sourceObjectType>msDS-Device</sourceObjectType>
  <targetObjectType>device</targetObjectType>
  <linkType>Join</linkType>
  <precedence>164</precedence>
  <precedence-after>{00000000-0000-0000-0000-000000000000}</precedence-after>
  <precedence-before>{00000000-0000-0000-0000-000000000000}</precedence-before>
  <softDeleteExpiryInterval>00:00:00</softDeleteExpiryInterval>
  <EnablePasswordSync>false</EnablePasswordSync>
  <attribute-mappings>
    <mapping>
      <dest>distinguishedName</dest>
      <src>
        <attr>dn</attr>
      </src>
      <valueMergeType>Update</valueMergeType>
    </mapping>
    <mapping>
      <dest>isProvisionedInAD</dest>
      <src>True</src>
      <valueMergeType>Update</valueMergeType>
    </mapping>
  </attribute-mappings>
  <relationshipCriteria>
    <conditions>
      <condition>
        <csAttribute>msDS-DeviceID</csAttribute>
        <ilmAttribute>deviceId</ilmAttribute>
      </condition>
    </conditions>
  </relationshipCriteria>
  <synchronizationCriteria>
    <conditions>
      <scope>
        <csAttribute>objectGUID</csAttribute>
        <csOperator>ISNOTNULL</csOperator>
        <csValue />
      </scope>
      <scope>
        <csAttribute>msDS-CloudAnchor</csAttribute>
        <csOperator>ISNOTNULL</csOperator>
        <csValue />
      </scope>
    </conditions>
  </synchronizationCriteria>
</synchronizationRule>