<synchronizationRule>
  <id>{91909e17-ad0e-444b-b250-f6173666b91d}</id>
  <internal-id>{91909e17-ad0e-444b-b250-f6173666b91d}</internal-id>
  <version>1</version>
  <name>In from AAD - User Exchange Hybrid</name>
  <description />
  <immutable-tag>Microsoft.InfromAADUserExchangeHybrid.004</immutable-tag>
  <direction>Inbound</direction>
  <disabled>False</disabled>
  <connector>{b891884f-051e-4a83-95af-2544101c9083}</connector>
  <sourceObjectType>user</sourceObjectType>
  <targetObjectType>person</targetObjectType>
  <linkType>Join</linkType>
  <precedence>151</precedence>
  <precedence-after>{00000000-0000-0000-0000-000000000000}</precedence-after>
  <precedence-before>{00000000-0000-0000-0000-000000000000}</precedence-before>
  <softDeleteExpiryInterval>00:00:00</softDeleteExpiryInterval>
  <EnablePasswordSync>false</EnablePasswordSync>
  <attribute-mappings>
    <mapping>
      <dest>cloudSOAExchMailbox</dest>
      <expression>
      CBool(
        IIF(IsPresent([cloudMSExchRecipientDisplayType]),(
            IIF([cloudMSExchRecipientDisplayType]=0,True,(
                IIF([cloudMSExchRecipientDisplayType]=2,True,(
                    IIF([cloudMSExchRecipientDisplayType]=7,True,(
                        IIF([cloudMSExchRecipientDisplayType]=8,True,(
                            IIF([cloudMSExchRecipientDisplayType]=10,True,(
                                IIF([cloudMSExchRecipientDisplayType]=16,True,(
                                    IIF([cloudMSExchRecipientDisplayType]=17,True,(
                                        IIF([cloudMSExchRecipientDisplayType]=18,True,(
                                            IIF([cloudMSExchRecipientDisplayType]=1073741824,True,(
                                                IIF([cloudMSExchRecipientDisplayType]=1073741840,True,False)))))))))))))))))))),False))
      </expression>
      <valueMergeType>Update</valueMergeType>
    </mapping>
    <mapping>
      <dest>cloudLegacyExchangeDN</dest>
      <src>
        <attr>cloudLegacyExchangeDN</attr>
      </src>
      <valueMergeType>Update</valueMergeType>
    </mapping>
    <mapping>
      <dest>cloudMSExchArchiveStatus</dest>
      <src>
        <attr>cloudMSExchArchiveStatus</attr>
      </src>
      <valueMergeType>Update</valueMergeType>
    </mapping>
    <mapping>
      <dest>cloudMSExchBlockedSendersHash</dest>
      <src>
        <attr>cloudMSExchBlockedSendersHash</attr>
      </src>
      <valueMergeType>Update</valueMergeType>
    </mapping>
    <mapping>
      <dest>cloudMSExchDelegateListLink</dest>
      <src>
        <attr>cloudMSExchDelegateListLink</attr>
      </src>
      <valueMergeType>Update</valueMergeType>
    </mapping>
    <mapping>
      <dest>cloudMSExchRecipientDisplayType</dest>
      <src>
        <attr>cloudMSExchRecipientDisplayType</attr>
      </src>
      <valueMergeType>Update</valueMergeType>
    </mapping>
    <mapping>
      <dest>cloudMSExchSafeRecipientsHash</dest>
      <src>
        <attr>cloudMSExchSafeRecipientsHash</attr>
      </src>
      <valueMergeType>Update</valueMergeType>
    </mapping>
    <mapping>
      <dest>cloudMSExchSafeSendersHash</dest>
      <src>
        <attr>cloudMSExchSafeSendersHash</attr>
      </src>
      <valueMergeType>Update</valueMergeType>
    </mapping>
    <mapping>
      <dest>cloudMSExchTeamMailboxExpiration</dest>
      <src>
        <attr>cloudMSExchTeamMailboxExpiration</attr>
      </src>
      <valueMergeType>Update</valueMergeType>
    </mapping>
    <mapping>
      <dest>cloudMSExchTeamMailboxOwners</dest>
      <src>
        <attr>cloudMSExchTeamMailboxOwners</attr>
      </src>
      <valueMergeType>Update</valueMergeType>
    </mapping>
    <mapping>
      <dest>cloudMSExchTeamMailboxSharePointUrl</dest>
      <src>
        <attr>cloudMSExchTeamMailboxSharePointUrl</attr>
      </src>
      <valueMergeType>Update</valueMergeType>
    </mapping>
    <mapping>
      <dest>cloudMSExchUCVoiceMailSettings</dest>
      <src>
        <attr>cloudMSExchUCVoiceMailSettings</attr>
      </src>
      <valueMergeType>Update</valueMergeType>
    </mapping>
    <mapping>
      <dest>cloudMSExchUserHoldPolicies</dest>
      <src>
        <attr>cloudMSExchUserHoldPolicies</attr>
      </src>
      <valueMergeType>Update</valueMergeType>
    </mapping>
    <mapping>
      <dest>cloudPublicDelegates</dest>
      <src>
        <attr>cloudPublicDelegates</attr>
      </src>
      <valueMergeType>Update</valueMergeType>
    </mapping>
  </attribute-mappings>
  <relationshipCriteria />
  <synchronizationCriteria />
</synchronizationRule>