<synchronizationRule>
  <id>{eb5b24ae-6d60-49c0-beaa-d3ba8c9f37ad}</id>
  <internal-id>{eb5b24ae-6d60-49c0-beaa-d3ba8c9f37ad}</internal-id>
  <version>1</version>
  <name>Out to AD - User Exchange Hybrid publicDelegates writeback</name>
  <description />
  <immutable-tag>Microsoft.OuttoADUserExchangeHybridpublicDelegatesWriteback.001</immutable-tag>
  <direction>Outbound</direction>
  <disabled>False</disabled>
  <connector>{3e740281-2971-4dfb-84b4-ced6d4f5a0ff}</connector>
  <sourceObjectType>person</sourceObjectType>
  <targetObjectType>user</targetObjectType>
  <linkType>Join</linkType>
  <precedence>160</precedence>
  <precedence-after>{00000000-0000-0000-0000-000000000000}</precedence-after>
  <precedence-before>{00000000-0000-0000-0000-000000000000}</precedence-before>
  <softDeleteExpiryInterval>00:00:00</softDeleteExpiryInterval>
  <EnablePasswordSync>false</EnablePasswordSync>
  <attribute-mappings>
    <mapping>
      <dest>publicDelegates</dest>
      <src>
        <attr>cloudPublicDelegates</attr>
      </src>
      <valueMergeType>Update</valueMergeType>
    </mapping>
  </attribute-mappings>
  <relationshipCriteria />
  <synchronizationCriteria>
    <conditions>
      <scope>
        <csAttribute>cloudSOAExchMailbox</csAttribute>
        <csOperator>EQUAL</csOperator>
        <csValue>True</csValue>
      </scope>
    </conditions>
  </synchronizationCriteria>
</synchronizationRule>