<synchronizationRule>
  <id>{74973f0b-dfbd-45a4-aac1-aaa09b8a78b4}</id>
  <internal-id>{74973f0b-dfbd-45a4-aac1-aaa09b8a78b4}</internal-id>
  <version>1</version>
  <name>Out to AD - Device STKKey</name>
  <description />
  <immutable-tag>Microsoft.OuttoADDeviceSTKKey.001</immutable-tag>
  <direction>Outbound</direction>
  <disabled>False</disabled>
  <connector>{3e740281-2971-4dfb-84b4-ced6d4f5a0ff}</connector>
  <sourceObjectType>device</sourceObjectType>
  <targetObjectType>msDS-Device</targetObjectType>
  <linkType>Join</linkType>
  <precedence>166</precedence>
  <precedence-after>{00000000-0000-0000-0000-000000000000}</precedence-after>
  <precedence-before>{00000000-0000-0000-0000-000000000000}</precedence-before>
  <softDeleteExpiryInterval>00:00:00</softDeleteExpiryInterval>
  <EnablePasswordSync>false</EnablePasswordSync>
  <attribute-mappings>
    <mapping>
      <dest>msDS-KeyCredentialLink</dest>
      <src>
        <attr>deviceKey</attr>
      </src>
      <valueMergeType>Update</valueMergeType>
    </mapping>
  </attribute-mappings>
  <relationshipCriteria />
  <synchronizationCriteria>
    <conditions>
      <scope>
        <csAttribute>isProvisionedInAD</csAttribute>
        <csOperator>EQUAL</csOperator>
        <csValue>True</csValue>
      </scope>
    </conditions>
  </synchronizationCriteria>
</synchronizationRule>