<synchronizationRule>
  <id>{4102daf0-e517-4f75-8e18-15f49cef911d}</id>
  <internal-id>{4102daf0-e517-4f75-8e18-15f49cef911d}</internal-id>
  <version>1</version>
  <name>In from AD - User Join</name>
  <description />
  <immutable-tag>Microsoft.InfromADUserJoin.006</immutable-tag>
  <direction>Inbound</direction>
  <disabled>False</disabled>
  <connector>{3e740281-2971-4dfb-84b4-ced6d4f5a0ff}</connector>
  <sourceObjectType>user</sourceObjectType>
  <targetObjectType>person</targetObjectType>
  <linkType>Provision</linkType>
  <precedence>100</precedence>
  <precedence-after>{00000000-0000-0000-0000-000000000000}</precedence-after>
  <precedence-before>{00000000-0000-0000-0000-000000000000}</precedence-before>
  <softDeleteExpiryInterval>00:00:00</softDeleteExpiryInterval>
  <EnablePasswordSync>false</EnablePasswordSync>
  <attribute-mappings>
    <mapping>
      <dest>cloudFiltered</dest>
      <expression>IIF(IsPresent([sAMAccountName]) = False || Left([sAMAccountName], 7) = "krbtgt_" || [sAMAccountName] = "SUPPORT_388945a0" || Left([mailNickname], 14) = "SystemMailbox{" || Left([sAMAccountName], 4) = "AAD_" || (Left([mailNickname], 4) = "CAS_" &amp;&amp; (InStr([mailNickname], "}") &gt; 0)) || (Left([sAMAccountName], 4) = "CAS_" &amp;&amp; (InStr([sAMAccountName], "}") &gt; 0)) || Left([sAMAccountName], 5) = "MSOL_" || CBool(IIF(IsPresent([msExchRecipientTypeDetails]),BitAnd([msExchRecipientTypeDetails],&amp;H21C07000) &gt; 0,NULL)) || CBool(InStr(DNComponent(CRef([dn]),1),"\\0ACNF:")&gt;0), True, NULL)</expression>
      <valueMergeType>Update</valueMergeType>
    </mapping>
    <mapping>
      <dest>sourceAnchorBinary</dest>
      <expression>IIF(IsPresent([mS-DS-ConsistencyGuid]),[mS-DS-ConsistencyGuid],[objectGUID])</expression>
      <valueMergeType>Update</valueMergeType>
    </mapping>
  </attribute-mappings>
  <relationshipCriteria>
    <conditions>
      <condition>
        <csAttribute>mS-DS-ConsistencyGuid</csAttribute>
        <ilmAttribute>sourceAnchorBinary</ilmAttribute>
      </condition>
    </conditions>
    <conditions>
      <condition>
        <csAttribute>objectGUID</csAttribute>
        <ilmAttribute>sourceAnchorBinary</ilmAttribute>
      </condition>
    </conditions>
  </relationshipCriteria>
  <synchronizationCriteria>
    <conditions>
      <scope>
        <csAttribute>isCriticalSystemObject</csAttribute>
        <csOperator>NOTEQUAL</csOperator>
        <csValue>TRUE</csValue>
      </scope>
      <scope>
        <csAttribute>adminDescription</csAttribute>
        <csOperator>NOTSTARTSWITH</csOperator>
        <csValue>User_</csValue>
      </scope>
    </conditions>
  </synchronizationCriteria>
</synchronizationRule>