<synchronizationRule>
  <id>{b2867081-b00e-4ed4-83d9-41adc842a1fd}</id>
  <internal-id>{b2867081-b00e-4ed4-83d9-41adc842a1fd}</internal-id>
  <version>1</version>
  <name>Out to AAD - Contact LyncOnline</name>
  <description />
  <immutable-tag>Microsoft.OuttoAADContactLyncOnline.006</immutable-tag>
  <direction>Outbound</direction>
  <disabled>False</disabled>
  <connector>{b891884f-051e-4a83-95af-2544101c9083}</connector>
  <sourceObjectType>person</sourceObjectType>
  <targetObjectType>contact</targetObjectType>
  <linkType>Join</linkType>
  <precedence>136</precedence>
  <precedence-after>{00000000-0000-0000-0000-000000000000}</precedence-after>
  <precedence-before>{00000000-0000-0000-0000-000000000000}</precedence-before>
  <softDeleteExpiryInterval>00:00:00</softDeleteExpiryInterval>
  <EnablePasswordSync>false</EnablePasswordSync>
  <attribute-mappings>
    <mapping>
      <dest>alias</dest>
      <src>
        <attr>mailNickname</attr>
      </src>
      <valueMergeType>Update</valueMergeType>
    </mapping>
    <mapping>
      <dest>mail</dest>
      <src>
        <attr>mail</attr>
      </src>
      <valueMergeType>Update</valueMergeType>
    </mapping>
    <mapping>
      <dest>countryLetterCode</dest>
      <src>
        <attr>c</attr>
      </src>
      <valueMergeType>Update</valueMergeType>
    </mapping>
    <mapping>
      <dest>country</dest>
      <src>
        <attr>co</attr>
      </src>
      <valueMergeType>Update</valueMergeType>
    </mapping>
    <mapping>
      <dest>company</dest>
      <src>
        <attr>company</attr>
      </src>
      <valueMergeType>Update</valueMergeType>
    </mapping>
    <mapping>
      <dest>department</dest>
      <src>
        <attr>department</attr>
      </src>
      <valueMergeType>Update</valueMergeType>
    </mapping>
    <mapping>
      <dest>description</dest>
      <src>
        <attr>description</attr>
      </src>
      <valueMergeType>Update</valueMergeType>
    </mapping>
    <mapping>
      <dest>displayName</dest>
      <src>
        <attr>displayName</attr>
      </src>
      <valueMergeType>Update</valueMergeType>
    </mapping>
    <mapping>
      <dest>facsimileTelephoneNumber</dest>
      <src>
        <attr>facsimileTelephoneNumber</attr>
      </src>
      <valueMergeType>Update</valueMergeType>
    </mapping>
    <mapping>
      <dest>givenName</dest>
      <src>
        <attr>givenName</attr>
      </src>
      <valueMergeType>Update</valueMergeType>
    </mapping>
    <mapping>
      <dest>homePhone</dest>
      <src>
        <attr>homePhone</attr>
      </src>
      <valueMergeType>Update</valueMergeType>
    </mapping>
    <mapping>
      <dest>mobile</dest>
      <src>
        <attr>mobile</attr>
      </src>
      <valueMergeType>Update</valueMergeType>
    </mapping>
    <mapping>
      <dest>msExchHideFromAddressLists</dest>
      <src>
        <attr>msExchHideFromAddressLists</attr>
      </src>
      <valueMergeType>Update</valueMergeType>
    </mapping>
    <mapping>
      <dest>otherTelephone</dest>
      <src>
        <attr>otherTelephone</attr>
      </src>
      <valueMergeType>Update</valueMergeType>
    </mapping>
    <mapping>
      <dest>physicalDeliveryOfficeName</dest>
      <src>
        <attr>physicalDeliveryOfficeName</attr>
      </src>
      <valueMergeType>Update</valueMergeType>
    </mapping>
    <mapping>
      <dest>postalCode</dest>
      <src>
        <attr>postalCode</attr>
      </src>
      <valueMergeType>Update</valueMergeType>
    </mapping>
    <mapping>
      <dest>proxyAddresses</dest>
      <src>
        <attr>proxyAddresses</attr>
      </src>
      <valueMergeType>Update</valueMergeType>
    </mapping>
    <mapping>
      <dest>surname</dest>
      <src>
        <attr>sn</attr>
      </src>
      <valueMergeType>Update</valueMergeType>
    </mapping>
    <mapping>
      <dest>state</dest>
      <src>
        <attr>st</attr>
      </src>
      <valueMergeType>Update</valueMergeType>
    </mapping>
    <mapping>
      <dest>streetAddress</dest>
      <src>
        <attr>streetAddress</attr>
      </src>
      <valueMergeType>Update</valueMergeType>
    </mapping>
    <mapping>
      <dest>telephoneNumber</dest>
      <src>
        <attr>telephoneNumber</attr>
      </src>
      <valueMergeType>Update</valueMergeType>
    </mapping>
    <mapping>
      <dest>thumbnailPhoto</dest>
      <src>
        <attr>thumbnailPhoto</attr>
      </src>
      <valueMergeType>Update</valueMergeType>
    </mapping>
    <mapping>
      <dest>title</dest>
      <src>
        <attr>title</attr>
      </src>
      <valueMergeType>Update</valueMergeType>
    </mapping>
    <mapping>
      <dest>wWWHomePage</dest>
      <src>
        <attr>wWWHomePage</attr>
      </src>
      <valueMergeType>Update</valueMergeType>
    </mapping>
    <mapping>
      <dest>msRtcSipPrimaryUserAddress</dest>
      <src>
        <attr>msRTCSIP-PrimaryUserAddress</attr>
      </src>
      <valueMergeType>Update</valueMergeType>
    </mapping>
  </attribute-mappings>
  <relationshipCriteria />
  <synchronizationCriteria>
    <conditions>
      <scope>
        <csAttribute>sourceObjectType</csAttribute>
        <csOperator>EQUAL</csOperator>
        <csValue>Contact</csValue>
      </scope>
    </conditions>
  </synchronizationCriteria>
</synchronizationRule>