<synchronizationRule>
  <id>{601ad54d-b4ec-4aae-8113-b4c4e43f68c8}</id>
  <internal-id>{601ad54d-b4ec-4aae-8113-b4c4e43f68c8}</internal-id>
  <version>1</version>
  <name>Out to AD - User Join SOAInAD</name>
  <description />
  <immutable-tag>Microsoft.OuttoADUserJoinSOAInAD.004</immutable-tag>
  <direction>Outbound</direction>
  <disabled>False</disabled>
  <connector>{3e740281-2971-4dfb-84b4-ced6d4f5a0ff}</connector>
  <sourceObjectType>person</sourceObjectType>
  <targetObjectType>user</targetObjectType>
  <linkType>Join</linkType>
  <precedence>155</precedence>
  <precedence-after>{00000000-0000-0000-0000-000000000000}</precedence-after>
  <precedence-before>{00000000-0000-0000-0000-000000000000}</precedence-before>
  <softDeleteExpiryInterval>00:00:00</softDeleteExpiryInterval>
  <EnablePasswordSync>false</EnablePasswordSync>
  <attribute-mappings />
  <relationshipCriteria>
    <conditions>
      <condition>
        <csAttribute>mS-DS-ConsistencyGuid</csAttribute>
        <ilmAttribute>sourceAnchorBinary</ilmAttribute>
      </condition>
    </conditions>
    <conditions>
      <condition>
        <csAttribute>objectGUID</csAttribute>
        <ilmAttribute>sourceAnchorBinary</ilmAttribute>
      </condition>
    </conditions>
  </relationshipCriteria>
  <synchronizationCriteria>
    <conditions>
      <scope>
        <csAttribute>cloudMastered</csAttribute>
        <csOperator>EQUAL</csOperator>
        <csValue>False</csValue>
      </scope>
    </conditions>
  </synchronizationCriteria>
</synchronizationRule>