<synchronizationRule>
  <id>{358d215d-8a71-4976-b830-0374304903ea}</id>
  <internal-id>{358d215d-8a71-4976-b830-0374304903ea}</internal-id>
  <version>1</version>
  <name>Out to AD - Contact Join</name>
  <description />
  <immutable-tag>Microsoft.OuttoADContactJoin.003</immutable-tag>
  <direction>Outbound</direction>
  <disabled>False</disabled>
  <connector>{3e740281-2971-4dfb-84b4-ced6d4f5a0ff}</connector>
  <sourceObjectType>person</sourceObjectType>
  <targetObjectType>contact</targetObjectType>
  <linkType>Join</linkType>
  <precedence>152</precedence>
  <precedence-after>{00000000-0000-0000-0000-000000000000}</precedence-after>
  <precedence-before>{00000000-0000-0000-0000-000000000000}</precedence-before>
  <softDeleteExpiryInterval>00:00:00</softDeleteExpiryInterval>
  <EnablePasswordSync>false</EnablePasswordSync>
  <attribute-mappings />
  <relationshipCriteria>
    <conditions>
      <condition>
        <csAttribute>mail</csAttribute>
        <ilmAttribute>mail</ilmAttribute>
      </condition>
    </conditions>
  </relationshipCriteria>
  <synchronizationCriteria />
</synchronizationRule>