<synchronizationRule>
  <id>{9bf8a8c7-8fa7-4816-b858-fc2dd3b674b1}</id>
  <internal-id>{9bf8a8c7-8fa7-4816-b858-fc2dd3b674b1}</internal-id>
  <version>1</version>
  <name>In from AD - Contact Join</name>
  <description>Contact object with default Active Directory schema.</description>
  <immutable-tag>Microsoft.InfromADContactJoin.004</immutable-tag>
  <direction>Inbound</direction>
  <disabled>False</disabled>
  <connector>{3e740281-2971-4dfb-84b4-ced6d4f5a0ff}</connector>
  <sourceObjectType>contact</sourceObjectType>
  <targetObjectType>person</targetObjectType>
  <linkType>Provision</linkType>
  <precedence>115</precedence>
  <precedence-after>{00000000-0000-0000-0000-000000000000}</precedence-after>
  <precedence-before>{00000000-0000-0000-0000-000000000000}</precedence-before>
  <softDeleteExpiryInterval>00:00:00</softDeleteExpiryInterval>
  <EnablePasswordSync>false</EnablePasswordSync>
  <attribute-mappings>
    <mapping>
      <dest>cloudFiltered</dest>
      <expression>IIF(IsPresent([isCriticalSystemObject]) || ( (InStr([displayName], "(MSOL)") &gt; 0) &amp;&amp; (CBool([msExchHideFromAddressLists]))) || (Left([mailNickname], 4) = "CAS_" &amp;&amp; (InStr([mailNickname], "}") &gt; 0)) || CBool(InStr(DNComponent(CRef([dn]),1),"\\0ACNF:")&gt;0), True, NULL)</expression>
      <valueMergeType>Update</valueMergeType>
    </mapping>
    <mapping>
      <dest>mailEnabled</dest>
      <expression>IIF(( (IsPresent([proxyAddresses]) = True) &amp;&amp; (Contains([proxyAddresses], "SMTP:") &gt; 0) &amp;&amp; (InStr(Item([proxyAddresses], Contains([proxyAddresses], "SMTP:")), "@") &gt; 0)) ||  (IsPresent([mail]) = True &amp;&amp; (InStr([mail], "@") &gt; 0)), True, False)</expression>
      <valueMergeType>Update</valueMergeType>
    </mapping>
  </attribute-mappings>
  <relationshipCriteria>
    <conditions>
      <condition>
        <csAttribute>mail</csAttribute>
        <ilmAttribute>mail</ilmAttribute>
      </condition>
    </conditions>
  </relationshipCriteria>
  <synchronizationCriteria />
</synchronizationRule>