<synchronizationRule>
  <id>{02e80c8b-1458-4624-95f0-da4e2919fb9d}</id>
  <internal-id>{02e80c8b-1458-4624-95f0-da4e2919fb9d}</internal-id>
  <version>1</version>
  <name>Out to AD - InetOrgPerson Exchange Hybrid</name>
  <description />
  <immutable-tag>Microsoft.OuttoADInetOrgPersonExchangeHybrid.004</immutable-tag>
  <direction>Outbound</direction>
  <disabled>False</disabled>
  <connector>{3e740281-2971-4dfb-84b4-ced6d4f5a0ff}</connector>
  <sourceObjectType>person</sourceObjectType>
  <targetObjectType>inetOrgPerson</targetObjectType>
  <linkType>Join</linkType>
  <precedence>158</precedence>
  <precedence-after>{00000000-0000-0000-0000-000000000000}</precedence-after>
  <precedence-before>{00000000-0000-0000-0000-000000000000}</precedence-before>
  <softDeleteExpiryInterval>00:00:00</softDeleteExpiryInterval>
  <EnablePasswordSync>false</EnablePasswordSync>
  <attribute-mappings>
    <mapping>
      <dest>msDS-ExternalDirectoryObjectId</dest>
      <src>
        <attr>cloudAnchor</attr>
      </src>
      <valueMergeType>Update</valueMergeType>
    </mapping>
    <mapping>
      <dest>msExchArchiveStatus</dest>
      <src>
        <attr>cloudMSExchArchiveStatus</attr>
      </src>
      <valueMergeType>Update</valueMergeType>
    </mapping>
    <mapping>
      <dest>msExchBlockedSendersHash</dest>
      <expression>IIF([cloudSOAExchMailbox] = True,[cloudMSExchBlockedSendersHash],IgnoreThisFlow)</expression>
      <valueMergeType>Update</valueMergeType>
    </mapping>
    <mapping>
      <dest>msExchSafeRecipientsHash</dest>
      <expression>IIF([cloudSOAExchMailbox] = True,[cloudMSExchSafeRecipientsHash],IgnoreThisFlow)</expression>
      <valueMergeType>Update</valueMergeType>
    </mapping>
    <mapping>
      <dest>msExchSafeSendersHash</dest>
      <expression>IIF([cloudSOAExchMailbox] = True,[cloudMSExchSafeSendersHash],IgnoreThisFlow)</expression>
      <valueMergeType>Update</valueMergeType>
    </mapping>
    <mapping>
      <dest>msExchUCVoiceMailSettings</dest>
      <expression>IIF(IsNullOrEmpty([cloudMSExchUCVoiceMailSettings]),IgnoreThisFlow,[cloudMSExchUCVoiceMailSettings])</expression>
      <valueMergeType>Update</valueMergeType>
    </mapping>
    <mapping>
      <dest>msExchUserHoldPolicies</dest>
      <expression>IIF(IsNullOrEmpty([cloudMSExchUserHoldPolicies]),IgnoreThisFlow,[cloudMSExchUserHoldPolicies])</expression>
      <valueMergeType>Update</valueMergeType>
    </mapping>
    <mapping>
      <dest>proxyAddresses</dest>
      <expression>IIF(IsNullOrEmpty([cloudLegacyExchangeDN]),NULL,"x500:" &amp; [cloudLegacyExchangeDN])</expression>
      <valueMergeType>MergeCaseInsensitive</valueMergeType>
    </mapping>
  </attribute-mappings>
  <relationshipCriteria />
  <synchronizationCriteria>
    <conditions>
      <scope>
        <csAttribute>contributingConnectorExchange</csAttribute>
        <csOperator>EQUAL</csOperator>
        <csValue>%Connector.ID%</csValue>
      </scope>
    </conditions>
  </synchronizationCriteria>
</synchronizationRule>