<synchronizationRule>
  <id>{b7e66bfb-0ef6-4870-b33b-623730beba53}</id>
  <internal-id>{b7e66bfb-0ef6-4870-b33b-623730beba53}</internal-id>
  <version>1</version>
  <name>In from AD - Group Join</name>
  <description />
  <immutable-tag>Microsoft.InfromADGroupJoin.006</immutable-tag>
  <direction>Inbound</direction>
  <disabled>False</disabled>
  <connector>{3e740281-2971-4dfb-84b4-ced6d4f5a0ff}</connector>
  <sourceObjectType>group</sourceObjectType>
  <targetObjectType>group</targetObjectType>
  <linkType>Provision</linkType>
  <precedence>112</precedence>
  <precedence-after>{00000000-0000-0000-0000-000000000000}</precedence-after>
  <precedence-before>{00000000-0000-0000-0000-000000000000}</precedence-before>
  <softDeleteExpiryInterval>00:00:00</softDeleteExpiryInterval>
  <EnablePasswordSync>false</EnablePasswordSync>
  <attribute-mappings>
    <mapping>
      <dest>cloudFiltered</dest>
      <expression>IIF([sAMAccountName] = "MSOL_AD_Sync_RichCoexistence" || CBool(IIF(IsPresent([msExchRecipientTypeDetails]),BitAnd([msExchRecipientTypeDetails],&amp;H40000000) &gt; 0,NULL))  || CBool(InStr(DNComponent(CRef([dn]),1),"\\0ACNF:")&gt;0), True, NULL)</expression>
      <valueMergeType>Update</valueMergeType>
    </mapping>
    <mapping>
      <dest>mailEnabled</dest>
      <expression>IIF(( (IsPresent([proxyAddresses]) = True) &amp;&amp; (Contains([proxyAddresses], "SMTP:") &gt; 0) &amp;&amp; (InStr(Item([proxyAddresses], Contains([proxyAddresses], "SMTP:")), "@") &gt; 0)) ||  (IsPresent([mail]) = True &amp;&amp; (InStr([mail], "@") &gt; 0)), True, False)</expression>
      <valueMergeType>Update</valueMergeType>
    </mapping>
    <mapping>
      <dest>sourceAnchorBinary</dest>
      <expression>IIF(IsPresent([mS-DS-ConsistencyGuid]),[mS-DS-ConsistencyGuid],[objectGUID])</expression>
      <valueMergeType>Update</valueMergeType>
    </mapping>
    <mapping>
      <dest>sourceAnchor</dest>
      <expression>IIF(IsPresent([mS-DS-ConsistencyGuid]),ConvertToBase64([mS-DS-ConsistencyGuid]),ConvertToBase64([objectGUID]))</expression>
      <valueMergeType>Update</valueMergeType>
    </mapping>
  </attribute-mappings>
  <relationshipCriteria>
    <conditions>
      <condition>
        <csAttribute>mS-DS-ConsistencyGuid</csAttribute>
        <ilmAttribute>sourceAnchorBinary</ilmAttribute>
      </condition>
    </conditions>
    <conditions>
      <condition>
        <csAttribute>objectGUID</csAttribute>
        <ilmAttribute>sourceAnchorBinary</ilmAttribute>
      </condition>
    </conditions>
  </relationshipCriteria>
  <synchronizationCriteria>
    <conditions>
      <scope>
        <csAttribute>isCriticalSystemObject</csAttribute>
        <csOperator>NOTEQUAL</csOperator>
        <csValue>True</csValue>
      </scope>
      <scope>
        <csAttribute>adminDescription</csAttribute>
        <csOperator>NOTSTARTSWITH</csOperator>
        <csValue>Group_</csValue>
      </scope>
    </conditions>
  </synchronizationCriteria>
</synchronizationRule>